O8xD4nLA;V#u&dm5VInzF;user0cVi@example.ru
jNutG8BN;w93K4V_sZNsW;useraD9F@example.ru
KAjHqSjO;fW-iwV<qsW&e;user610b@example.ru
uLTIMHkT;N$!776jHwOyl;userp09z@example.ru
SS6moBg1;$80fuC*R!$q!;userdaby@example.ru
evnWtGS2;>nK3#Ly5fIwb;userFrPM@example.ru
BmZh2oK5;QRRBU#HjQbbx;userpQm9@example.ru
vrg8gGHp;6X_ve?-hg$a=;user01XO@example.ru
1ZAobdh1;N-?-jg_d*_5i;usergQEK@example.ru
KZCeKkeU;bI$jn+$H>0^$;userOZGp@example.ru
9T8X5WGj;U1nPb4jF04kD;userSgS5@example.ru
90cHlEYQ;dL2tu<+7@q<7;usereZPd@example.ru
wjzRLrm5;HdfkDXW&=$D?;userhpNN@example.ru
3dyRNi8V;rvGOD=4p3*g5;user2BQQ@example.ru
9mpsYHd3;FI)dVoGEm#1u;userPZ7V@example.ru
GpRyi99J;dJA*-8d<1eD%;usermU3U@example.ru
Yhmzh383;>T&Fl<9(MMsO;userVZK4@example.ru
ZiQYmxkl;%RJKTBO(9R7!;user3950@example.ru
HyLtaqq2;E@guP2F#IdqT;usersH3G@example.ru
RIaCh4Gq;+O-)(1=+SATe;useraUcw@example.ru
EYjC9rbN;3waiv#@B3MGg;userXcgm@example.ru
bHBhw9YQ;HT>20Yif3vH$;userzHFf@example.ru
3zZiq5iR;JlhB4$qyoYnX;user3GZQ@example.ru
F4Xqe9ra;GNFIQnkj*C?6;user2cKk@example.ru
mFVU3amv;5xNBKE=<w^=K;userFPRM@example.ru
8Z0rrGcA;<%>?lTu4TbxN;user58wG@example.ru
2ko2DPXn;it^gv$hnPRvK;useraiNQ@example.ru
iCOXBckk;BPPk<EcS)g=j;userVIts@example.ru
cwisUW5U;zUGEpuGNsGrJ;userhs4t@example.ru
EqSoZtky;_p8C$00c59h<;user7nnv@example.ru
FUBM1lew;qH%Avz6c>v6B;user6g9x@example.ru
UsanPE7j;qzG73=jn#6YT;usercUa7@example.ru
hVSMCgen;Tm8g^x?4kU4=;user2ZYN@example.ru
wbTtiyFS;4<esH-Zy)28I;userF9UW@example.ru
sFR29vGz;GS>xl_ead$!H;user7rDw@example.ru
WDv18rsY;Ums?bU%>4kug;user9dbq@example.ru
dgqaCOkW;KKYpbP^4Lf+^;user2Bdx@example.ru
TfotQ3Or;+$5*=qc8@=SP;userGWMI@example.ru
2WjkZRdl;9Bv-CY25p3I@;userJnV2@example.ru
H2ltRtjr;$>aCW13F<J4j;userall4@example.ru
HKYyVan5;PVxD2zHRCe?2;user84v0@example.ru
TmPqVI7Y;HzgrD3In_0RG;user9OL3@example.ru
ew76frUp;Kjc$LSwDt^8-;userPY51@example.ru
baxD3HvF;kDeNhj)U&#Jp;userZC1a@example.ru
KPEGljuj;ckEmaRuf-mEK;useruq4j@example.ru
q9T2t2PK;EnfpPKI3_SJt;userGfu6@example.ru
INc8Abjq;s&JWKctjJ^Qx;userb6LE@example.ru
VWOZBRUz;4-yxZ?=bcsqE;user9Xtd@example.ru
moBjaT3u;0p*J*D@=mz=O;usero7ux@example.ru
HjikPhr4;b+JFB#<j6?j6;userFe9F@example.ru
SoMTs2kg;g(XxYPxf6Aw-;userXpXo@example.ru
8YHGeLVu;?J>TzaZm^G)?;user3giL@example.ru
EToJ0An0;=z)Ghbb&Q*)v;userpATa@example.ru
XC5rmdvI;suMIy-<B8vbv;user9oso@example.ru
PmIHiHZe;xrV25^Ws&skQ;usero45O@example.ru
cYzyzsq1;EA(C7RR+A5$7;user73p5@example.ru
0jBiqoIA;h-Abcoh5<q<d;usertE7L@example.ru
Ytup3JK5;oaOj6esyaZ+7;userUonK@example.ru
gUUUxErT;Y?rPeydeGYfn;userB4VB@example.ru
p7PugYa3;Vp1mmPc<OdF4;userxfEv@example.ru
BFYYjxWM;4U@2hk?+ivNl;user9yWv@example.ru
3HMHz5Ko;SJoHOl>ykd$L;user0629@example.ru
JYbOcGio;D#<<l5nqyU9$;userwH1d@example.ru
Go8XDdHv;a75?q?Ham5ue;user0Mp7@example.ru
ERw3R6HZ;(y&Q1wAxPHM7;user82k7@example.ru
8K7Y9nqI;czmW?di5Kc=I;userxCbS@example.ru
CSc0iAFy;xjd+CbrtVAm^;user15j3@example.ru
emCmLSnn;?(IxZP>P7ED@;user10S5@example.ru
zkfKg2Tj;LN@SsYkR!?IZ;userAxiC@example.ru
NbukzYim;dQuGWbB+BK4a;user5cUv@example.ru
qQu6Kl0Q;Xx?PII&F<hbs;userz2d6@example.ru
puIwPDlO;6(_Zg=3*n)ZH;user2w10@example.ru
u7plGbOB;ep_lQ#(l@u)&;user3aTI@example.ru
oDksKQfK;u^tj>noVaSo!;userWVjb@example.ru
qPMx0jJY;fzS@-ly6FZ4_;user1qBb@example.ru
LgwxXyzn;MtPm8SJD$z0(;user7m8x@example.ru
aB74kZuw;MxnNdh(M<9S4;userN1dC@example.ru
PRGY8hRt;)ZLwPYAe^z9Z;user0PGh@example.ru
X5tc88CD;Qm(wj+%AT$Y<;userZW0N@example.ru
JDvI37IS;IzAl+qoU1yta;userq8F9@example.ru
wG1lPeBq;@zwGe-vhwLR^;userloLT@example.ru
gBnjROiC;ICkEY6ZFOTCR;userj2AF@example.ru
76MAoIKI;L)$5WCpIMh2l;userDuY8@example.ru
k8dZj38i;aaO%McH^L*#i;useryeT3@example.ru
ILcsZmnE;RRScQbAb2N>c;user8NZY@example.ru
T5IAkl2o;!7gC@SC-j7Q=;userhbM6@example.ru
GXIIG6pI;9bP+u8H-0)Y6;userSAK1@example.ru
XnvQECza;Tl)n3OJeLRI!;userqJBc@example.ru
B56GeqXU;7>^y!_YTEzHh;userWya8@example.ru
yWMadAfI;S5+lBOiq()E-;userWsIB@example.ru
LFUgMiU0;d^7#N@DJ!M2u;user69nD@example.ru
m4V6hWHv;htu8s<a9^*TZ;userGn1z@example.ru
JWQQ71qK;g3HtO^NK!c5o;userPK8z@example.ru
7OkXdbLa;>K5vjQ_SW-D!;users1nJ@example.ru
Rh9H6yRu;7a(?fUC^G^cy;user3Ph7@example.ru
XeDbs6Ay;vh1s-E1sZ^82;usery2Ky@example.ru
1fgIPwgo;BGKX=&=dAaMe;userKx6C@example.ru
rfHcLd8J;u<5Vq_EXQDUm;userYo81@example.ru
jjwtXv4v;8ZaK)QFUS2QR;userUcFI@example.ru
BvgOzGvE;!ru2Bok+ta!I;userpJE2@example.ru
